idUser,username
1,HabisNontonFilm
2,rayculz
3,djaycoholyc
4,CenayangFilm
5,hafilova
6,cinemuach
7,WatchmenID
8,Moviemenfes
9,TarizSolis
10,GilaFilmID
11,sinemagerbanget
12,teppy87
13,kampusfilmID
14,paradigmafilm
15,ngobrolinpilem
16,commaditya
17,sir_amirsyarif
18,sinema911
19,bicaraboxoffice
20,ScreenSaversID
21,asliga
22,AnakNonton
23,MovieManID
24,aerorun
25,winseulbear
26,moviegoersID
27,Rivki_Mogi
28,arulfittron
29,danieldokter
30,Elbert_Reyner
31,RottenTomatoes Tomato meter
32,RottenTomatoes Audience Score
33,IMDB
34,Metacritic Metascore
35,Metacritic User Score
